<?xml version="1.0" encoding="UTF-8"?>
<classpath>
	<classpathentry kind="src" path="src"/>
	<classpathentry kind="con" path="org.eclipse.jdt.launching.JRE_CONTAINER/org.eclipse.jdt.internal.debug.ui.launcher.StandardVMType/JavaSE-1.8"/>
	<classpathentry kind="lib" path="Resources/Common/Jars/BTFrameworklibrary.jar"/>
	<classpathentry kind="lib" path="Resources/Common/Jars/commons-codec-1.10.jar"/>
	<classpathentry kind="lib" path="Resources/Common/Jars/commons-collections4-4.1.jar"/>
	<classpathentry kind="lib" path="Resources/Common/Jars/commons-logging-1.2.jar"/>
	<classpathentry kind="lib" path="Resources/Common/Jars/curvesapi-1.04.jar"/>
	<classpathentry kind="lib" path="Resources/Common/Jars/JSErrorCollector-0.5.jar"/>
	<classpathentry kind="lib" path="Resources/Common/Jars/junit-4.12.jar"/>
	<classpathentry kind="lib" path="Resources/Common/Jars/log4j-1.2.17.jar"/>
	<classpathentry kind="lib" path="Resources/Common/Jars/poi-3.15.jar"/>
	<classpathentry kind="lib" path="Resources/Common/Jars/poi-examples-3.15.jar"/>
	<classpathentry kind="lib" path="Resources/Common/Jars/poi-excelant-3.15.jar"/>
	<classpathentry kind="lib" path="Resources/Common/Jars/poi-ooxml-3.15.jar"/>
	<classpathentry kind="lib" path="Resources/Common/Jars/poi-ooxml-schemas-3.15.jar"/>
	<classpathentry kind="lib" path="Resources/Common/Jars/poi-scratchpad-3.15.jar"/>
	<classpathentry kind="lib" path="Resources/Common/Jars/selenium-server-standalone-2.53.1.jar"/>
	<classpathentry kind="lib" path="Resources/Common/Jars/xmlbeans-2.6.0.jar"/>
	<classpathentry kind="output" path="bin"/>
</classpath>
